{
  "-1029730482": [
    0.276500,
    0.875000,
    9.800000,
    0.600000,
    0.276500,
    2.105000,
    2.225000,
    0.493500,
    4.400000,
    4.300000,
    122.000000,
    1.000000,
    1.500000,
    0.310000,
    0.310000,
    0.500000,
    0.750000,
    0.850000,
    "88XYL717"
  ],
  "-1168952148": [
    0.320000,
    0.800000,
    9.800000,
    0.320000,
    0.320000,
    2.000000,
    2.300000,
    0.500000,
    5.800000,
    5.800000,
    155.000000,
    1.000000,
    1.500000,
    0.200000,
    0.200000,
    0.400000,
    0.800000,
    0.900000,
    "46VBA527"
  ],
  "-120287622": [
    0.130000,
    0.250000,
    9.800000,
    0.300000,
    0.130000,
    1.300000,
    1.400000,
    0.460000,
    1.300000,
    1.300000,
    100.000000,
    1.000000,
    1.500000,
    0.100000,
    0.100000,
    1.000000,
    1.000000,
    0.600000,
    "41JII719"
  ],
  "-1233767450": [
    0.362000,
    0.900000,
    9.800000,
    0.600000,
    0.362000,
    2.200000,
    2.350000,
    0.484500,
    3.500000,
    3.400000,
    155.000000,
    0.700000,
    1.400000,
    0.090000,
    0.090000,
    0.000000,
    1.000000,
    1.060000,
    "60GZE150"
  ],
  "-1269889662": [
    0.200000,
    1.000000,
    11.760000,
    0.500000,
    0.200000,
    2.400000,
    2.600000,
    0.430000,
    2.300000,
    2.300000,
    120.000008,
    0.500000,
    1.500000,
    0.200000,
    0.200000,
    0.200000,
    0.000000,
    1.100000,
    "20DSB093"
  ],
  "-1349095620": [
    0.270000,
    0.300000,
    11.760000,
    0.400000,
    0.270000,
    1.800000,
    2.050000,
    0.510000,
    4.300000,
    4.300000,
    138.000000,
    1.100000,
    1.500000,
    0.380000,
    0.420000,
    0.500000,
    0.150000,
    1.200000,
    "MC70NY"
  ],
  "-1532697517": [
    0.300000,
    0.300000,
    11.760000,
    0.400000,
    0.250000,
    1.800000,
    2.050000,
    0.510000,
    4.300000,
    4.300000,
    135.000000,
    1.100000,
    1.500000,
    0.420000,
    0.420000,
    0.500000,
    0.150000,
    1.000000,
    "09RFE233"
  ],
  "-1566741232": [
    0.300000,
    0.800000,
    9.800000,
    0.520000,
    0.300000,
    2.100000,
    2.350000,
    0.490000,
    2.200000,
    2.200000,
    138.000000,
    1.000000,
    1.500000,
    0.060000,
    0.090000,
    0.000000,
    1.000000,
    0.950000,
    "M4J3ST1C"
  ],
  "-1660945322": [
    0.340000,
    0.500000,
    9.800000,
    0.550000,
    0.340000,
    2.050000,
    2.500000,
    0.470000,
    3.000000,
    3.200000,
    148.000015,
    1.000000,
    1.500000,
    0.080000,
    0.090000,
    0.000000,
    1.000000,
    0.950000,
    "V1P"
  ],
  "-1674384553": [
    0.200000,
    0.900000,
    9.800000,
    0.600000,
    0.200000,
    2.450000,
    2.550000,
    0.480000,
    1.800000,
    1.800000,
    145.000000,
    0.700000,
    1.500000,
    0.340000,
    0.350000,
    0.000000,
    1.000000,
    0.600000,
    "88MZL688"
  ],
  "-1683328900": [
    0.240000,
    0.600000,
    9.800000,
    0.800000,
    0.240000,
    1.800000,
    2.250000,
    0.485000,
    1.800000,
    1.800000,
    145.000000,
    0.700000,
    1.500000,
    0.350000,
    0.350000,
    0.000000,
    1.000000,
    0.800000,
    "61PHT965"
  ],
  "-1756021720": [
    0.295000,
    0.300000,
    11.760000,
    0.400000,
    0.295000,
    1.800000,
    2.050000,
    0.510000,
    4.300000,
    4.300000,
    136.000000,
    1.100000,
    1.500000,
    0.460000,
    0.480000,
    0.500000,
    0.150000,
    1.175000,
    "24XQJ589"
  ],
  "-1890996696": [
    0.337500,
    0.600000,
    9.800000,
    0.320000,
    0.270000,
    1.750000,
    2.000000,
    0.500000,
    2.800000,
    2.800000,
    140.000000,
    0.550000,
    1.000000,
    0.600000,
    0.600000,
    0.400000,
    0.500000,
    1.000000,
    "1337420"
  ],
  "-1933242328": [
    0.195000,
    0.320000,
    9.800000,
    0.400000,
    0.195000,
    1.785000,
    1.995000,
    0.472000,
    1.250000,
    1.250000,
    126.000000,
    0.700000,
    1.500000,
    0.165000,
    0.158000,
    0.000000,
    1.000000,
    0.820000,
    "28GFU758"
  ],
  "-2096690334": [
    0.310000,
    0.600000,
    9.800000,
    0.520000,
    0.310000,
    1.800000,
    2.350000,
    0.510000,
    2.200000,
    2.200000,
    151.000000,
    1.000000,
    1.500000,
    0.060000,
    0.060000,
    0.000000,
    1.000000,
    1.050000,
    "20XTQ388"
  ],
  "-54332285": [
    0.240000,
    0.300000,
    11.760000,
    0.400000,
    0.240000,
    1.800000,
    2.050000,
    0.510000,
    4.300000,
    4.300000,
    135.000000,
    1.100000,
    1.500000,
    0.320000,
    0.320000,
    0.500000,
    0.150000,
    1.200000,
    "66XLH250"
  ],
  "-670086588": [
    0.262200,
    0.485000,
    9.800000,
    0.500000,
    0.230000,
    1.750000,
    1.985000,
    0.492000,
    1.600000,
    1.600000,
    128.000000,
    1.000000,
    1.400000,
    0.420000,
    0.420000,
    0.400000,
    0.800000,
    1.050000,
    "1337420"
  ],
  "-685276541": [
    0.140000,
    0.600000,
    9.800000,
    0.600000,
    0.140000,
    1.550000,
    1.900000,
    0.480000,
    1.300000,
    1.300000,
    120.000008,
    1.000000,
    1.500000,
    0.240000,
    0.250000,
    0.000000,
    1.000000,
    0.600000,
    "80DGN226"
  ],
  "-768044142": [
    0.216850,
    0.500000,
    11.760000,
    0.535000,
    0.216850,
    1.717500,
    1.845000,
    0.483500,
    1.500000,
    1.400000,
    141.699997,
    1.100000,
    1.500000,
    0.315000,
    0.285000,
    0.500000,
    0.500000,
    0.715000,
    "46BCJ212"
  ],
  "-769147461": [
    0.300000,
    0.200000,
    9.800000,
    0.100000,
    0.300000,
    1.300000,
    1.450000,
    0.495000,
    1.300000,
    1.300000,
    65.000008,
    1.000000,
    1.500000,
    0.150000,
    0.150000,
    0.000000,
    0.000000,
    5.500000,
    "85LQA436"
  ],
  "-831834716": [
    0.355000,
    0.550000,
    9.800000,
    0.400000,
    0.355000,
    1.700000,
    1.940000,
    0.479500,
    1.400000,
    1.400000,
    135.000000,
    0.700000,
    1.500000,
    0.000000,
    0.000000,
    0.000000,
    0.800000,
    1.220000,
    "44JOC042"
  ],
  "-838099166": [
    0.190000,
    0.800000,
    9.800000,
    0.600000,
    0.190000,
    1.900000,
    2.150000,
    0.495000,
    2.700000,
    2.700000,
    135.000000,
    1.000000,
    1.500000,
    0.270000,
    0.270000,
    0.400000,
    0.700000,
    0.775000,
    "20PHI018"
  ],
  "-994371320": [
    0.337500,
    0.775000,
    9.800000,
    0.450000,
    0.337500,
    1.817000,
    2.107500,
    0.483500,
    3.200000,
    3.200000,
    159.850006,
    0.700000,
    1.500000,
    0.225000,
    0.205000,
    0.000000,
    1.000000,
    0.895000,
    "46WVU438"
  ],
  "-998177792": [
    0.355000,
    1.020000,
    9.800000,
    0.500000,
    0.355000,
    2.650000,
    2.750000,
    0.485000,
    9.000000,
    9.000000,
    160.000000,
    0.700000,
    1.500000,
    0.240000,
    0.240000,
    0.000000,
    1.000000,
    0.925000,
    "89YHS299"
  ],
  "1044193113": [
    0.408000,
    1.200000,
    9.800000,
    0.920000,
    0.340000,
    2.650000,
    2.720000,
    0.450000,
    4.500000,
    4.500000,
    158.500000,
    0.700000,
    1.500000,
    0.230000,
    0.210000,
    0.450000,
    1.000000,
    0.920000,
    "1337420"
  ],
  "1069929536": [
    0.180000,
    0.800000,
    9.800000,
    0.600000,
    0.180000,
    1.750000,
    1.950000,
    0.480000,
    1.300000,
    1.300000,
    130.000015,
    1.000000,
    1.500000,
    0.240000,
    0.250000,
    0.000000,
    0.800000,
    0.850000,
    "27CVS138"
  ],
  "1076201208": [
    0.328800,
    0.780000,
    9.800000,
    0.480000,
    0.328800,
    2.295000,
    2.495000,
    0.492500,
    3.300000,
    3.300000,
    151.649994,
    1.000000,
    1.500000,
    0.132500,
    0.130000,
    0.000000,
    1.000000,
    0.985000,
    "60BTV946"
  ],